{"global_step": 13824, "_timestamp": 1724078744.166268, "rollout/ep_len_mean": 72.0, "rollout/ep_rew_mean": -2.824599027633667, "time/fps": 7.0, "train/actor_loss": 50928.734375, "train/critic_loss": 88893744.0, "train/ent_coef": 61.35032653808594, "train/ent_coef_loss": -115.66465759277344, "train/learning_rate": 0.0003000000142492354, "_runtime": 1737.4529390335083, "_step": 47}