{"_wandb": {"runtime": 144}, "global_step": 288, "_timestamp": 1724076823.3252041, "rollout/ep_len_mean": 72.0, "rollout/ep_rew_mean": -1.3214482069015503, "time/fps": 8.0, "train/actor_loss": 5910.38330078125, "train/critic_loss": 97.28048706054688, "train/ent_coef": 1.057364583015442, "train/ent_coef_loss": -1.5660297870635986, "train/learning_rate": 0.0003000000142492354, "_runtime": 39.06617617607117, "_step": 0}